Seed,Probability,Config Path,Compiled,Booted
1710910573,50,/home/anon/Documents/100_randconfigs_test/outdir/1710910573_50.config,True,False
1710910577,50,/home/anon/Documents/100_randconfigs_test/outdir/1710910577_50.config,True,False
1710910582,50,/home/anon/Documents/100_randconfigs_test/outdir/1710910582_50.config,False,False
1710910586,50,/home/anon/Documents/100_randconfigs_test/outdir/1710910586_50.config,True,False
1710910590,50,/home/anon/Documents/100_randconfigs_test/outdir/1710910590_50.config,False,False
1710910594,50,/home/anon/Documents/100_randconfigs_test/outdir/1710910594_50.config,True,False
1710910599,50,/home/anon/Documents/100_randconfigs_test/outdir/1710910599_50.config,True,False
1710910603,50,/home/anon/Documents/100_randconfigs_test/outdir/1710910603_50.config,True,False
1710910607,50,/home/anon/Documents/100_randconfigs_test/outdir/1710910607_50.config,True,False
1710910611,50,/home/anon/Documents/100_randconfigs_test/outdir/1710910611_50.config,True,False
1710910615,50,/home/anon/Documents/100_randconfigs_test/outdir/1710910615_50.config,True,False
1710910620,50,/home/anon/Documents/100_randconfigs_test/outdir/1710910620_50.config,True,False
1710910624,50,/home/anon/Documents/100_randconfigs_test/outdir/1710910624_50.config,True,False
1710910628,50,/home/anon/Documents/100_randconfigs_test/outdir/1710910628_50.config,True,False
1710910632,50,/home/anon/Documents/100_randconfigs_test/outdir/1710910632_50.config,True,False
1710910636,50,/home/anon/Documents/100_randconfigs_test/outdir/1710910636_50.config,True,False
1710910641,50,/home/anon/Documents/100_randconfigs_test/outdir/1710910641_50.config,True,False
1710910645,50,/home/anon/Documents/100_randconfigs_test/outdir/1710910645_50.config,True,False
1710910649,50,/home/anon/Documents/100_randconfigs_test/outdir/1710910649_50.config,True,False
1710910653,50,/home/anon/Documents/100_randconfigs_test/outdir/1710910653_50.config,True,False
1710910658,50,/home/anon/Documents/100_randconfigs_test/outdir/1710910658_50.config,False,False
1710910662,50,/home/anon/Documents/100_randconfigs_test/outdir/1710910662_50.config,True,False
1710910666,50,/home/anon/Documents/100_randconfigs_test/outdir/1710910666_50.config,True,False
1710910670,50,/home/anon/Documents/100_randconfigs_test/outdir/1710910670_50.config,False,False
1710910675,50,/home/anon/Documents/100_randconfigs_test/outdir/1710910675_50.config,False,False
1710910679,50,/home/anon/Documents/100_randconfigs_test/outdir/1710910679_50.config,True,False
1710910683,50,/home/anon/Documents/100_randconfigs_test/outdir/1710910683_50.config,True,False
1710910687,50,/home/anon/Documents/100_randconfigs_test/outdir/1710910687_50.config,True,False
1710910691,50,/home/anon/Documents/100_randconfigs_test/outdir/1710910691_50.config,False,False
1710910696,50,/home/anon/Documents/100_randconfigs_test/outdir/1710910696_50.config,True,False
1710910700,50,/home/anon/Documents/100_randconfigs_test/outdir/1710910700_50.config,False,False
1710910704,50,/home/anon/Documents/100_randconfigs_test/outdir/1710910704_50.config,True,False
1710910708,50,/home/anon/Documents/100_randconfigs_test/outdir/1710910708_50.config,True,False
1710910713,50,/home/anon/Documents/100_randconfigs_test/outdir/1710910713_50.config,False,False
1710910717,50,/home/anon/Documents/100_randconfigs_test/outdir/1710910717_50.config,False,False
1710910721,50,/home/anon/Documents/100_randconfigs_test/outdir/1710910721_50.config,True,False
1710910726,50,/home/anon/Documents/100_randconfigs_test/outdir/1710910726_50.config,True,False
1710910730,50,/home/anon/Documents/100_randconfigs_test/outdir/1710910730_50.config,True,False
1710910734,50,/home/anon/Documents/100_randconfigs_test/outdir/1710910734_50.config,True,False
1710910739,50,/home/anon/Documents/100_randconfigs_test/outdir/1710910739_50.config,True,False
1710910743,50,/home/anon/Documents/100_randconfigs_test/outdir/1710910743_50.config,True,False
1710910747,50,/home/anon/Documents/100_randconfigs_test/outdir/1710910747_50.config,True,False
1710910751,50,/home/anon/Documents/100_randconfigs_test/outdir/1710910751_50.config,True,False
1710910756,50,/home/anon/Documents/100_randconfigs_test/outdir/1710910756_50.config,True,False
1710910760,50,/home/anon/Documents/100_randconfigs_test/outdir/1710910760_50.config,True,False
1710910764,50,/home/anon/Documents/100_randconfigs_test/outdir/1710910764_50.config,False,False
1710910768,50,/home/anon/Documents/100_randconfigs_test/outdir/1710910768_50.config,False,False
1710910773,50,/home/anon/Documents/100_randconfigs_test/outdir/1710910773_50.config,False,False
1710910777,50,/home/anon/Documents/100_randconfigs_test/outdir/1710910777_50.config,True,False
1710910781,50,/home/anon/Documents/100_randconfigs_test/outdir/1710910781_50.config,True,False
1710910785,50,/home/anon/Documents/100_randconfigs_test/outdir/1710910785_50.config,True,False
1710910790,50,/home/anon/Documents/100_randconfigs_test/outdir/1710910790_50.config,True,False
1710910794,50,/home/anon/Documents/100_randconfigs_test/outdir/1710910794_50.config,True,False
1710910798,50,/home/anon/Documents/100_randconfigs_test/outdir/1710910798_50.config,True,False
1710910803,50,/home/anon/Documents/100_randconfigs_test/outdir/1710910803_50.config,True,False
1710910807,50,/home/anon/Documents/100_randconfigs_test/outdir/1710910807_50.config,True,False
1710910811,50,/home/anon/Documents/100_randconfigs_test/outdir/1710910811_50.config,False,False
1710910815,50,/home/anon/Documents/100_randconfigs_test/outdir/1710910815_50.config,True,False
1710910820,50,/home/anon/Documents/100_randconfigs_test/outdir/1710910820_50.config,True,False
1710910824,50,/home/anon/Documents/100_randconfigs_test/outdir/1710910824_50.config,True,False
1710910828,50,/home/anon/Documents/100_randconfigs_test/outdir/1710910828_50.config,False,False
1710910833,50,/home/anon/Documents/100_randconfigs_test/outdir/1710910833_50.config,True,False
1710910837,50,/home/anon/Documents/100_randconfigs_test/outdir/1710910837_50.config,True,False
1710910841,50,/home/anon/Documents/100_randconfigs_test/outdir/1710910841_50.config,True,False
1710910845,50,/home/anon/Documents/100_randconfigs_test/outdir/1710910845_50.config,True,False
1710910850,50,/home/anon/Documents/100_randconfigs_test/outdir/1710910850_50.config,True,False
1710910854,50,/home/anon/Documents/100_randconfigs_test/outdir/1710910854_50.config,True,False
1710910858,50,/home/anon/Documents/100_randconfigs_test/outdir/1710910858_50.config,False,False
1710910862,50,/home/anon/Documents/100_randconfigs_test/outdir/1710910862_50.config,True,False
1710910866,50,/home/anon/Documents/100_randconfigs_test/outdir/1710910866_50.config,False,False
1710910871,50,/home/anon/Documents/100_randconfigs_test/outdir/1710910871_50.config,True,False
1710910875,50,/home/anon/Documents/100_randconfigs_test/outdir/1710910875_50.config,False,False
1710910879,50,/home/anon/Documents/100_randconfigs_test/outdir/1710910879_50.config,False,False
1710910883,50,/home/anon/Documents/100_randconfigs_test/outdir/1710910883_50.config,True,False
1710910888,50,/home/anon/Documents/100_randconfigs_test/outdir/1710910888_50.config,True,False
1710910892,50,/home/anon/Documents/100_randconfigs_test/outdir/1710910892_50.config,True,False
1710910896,50,/home/anon/Documents/100_randconfigs_test/outdir/1710910896_50.config,True,False
1710910900,50,/home/anon/Documents/100_randconfigs_test/outdir/1710910900_50.config,True,False
1710910905,50,/home/anon/Documents/100_randconfigs_test/outdir/1710910905_50.config,False,False
1710910909,50,/home/anon/Documents/100_randconfigs_test/outdir/1710910909_50.config,True,False
1710910913,50,/home/anon/Documents/100_randconfigs_test/outdir/1710910913_50.config,True,False
1710910918,50,/home/anon/Documents/100_randconfigs_test/outdir/1710910918_50.config,True,False
1710910922,50,/home/anon/Documents/100_randconfigs_test/outdir/1710910922_50.config,True,False
1710910926,50,/home/anon/Documents/100_randconfigs_test/outdir/1710910926_50.config,True,False
1710910930,50,/home/anon/Documents/100_randconfigs_test/outdir/1710910930_50.config,True,False
1710910934,50,/home/anon/Documents/100_randconfigs_test/outdir/1710910934_50.config,True,False
1710910939,50,/home/anon/Documents/100_randconfigs_test/outdir/1710910939_50.config,True,False
1710910943,50,/home/anon/Documents/100_randconfigs_test/outdir/1710910943_50.config,True,False
1710910947,50,/home/anon/Documents/100_randconfigs_test/outdir/1710910947_50.config,True,False
1710910951,50,/home/anon/Documents/100_randconfigs_test/outdir/1710910951_50.config,False,False
1710910956,50,/home/anon/Documents/100_randconfigs_test/outdir/1710910956_50.config,True,False
1710910960,50,/home/anon/Documents/100_randconfigs_test/outdir/1710910960_50.config,True,False
1710910964,50,/home/anon/Documents/100_randconfigs_test/outdir/1710910964_50.config,False,False
1710910969,50,/home/anon/Documents/100_randconfigs_test/outdir/1710910969_50.config,True,False
1710910973,50,/home/anon/Documents/100_randconfigs_test/outdir/1710910973_50.config,False,False
1710910977,50,/home/anon/Documents/100_randconfigs_test/outdir/1710910977_50.config,True,False
1710910982,50,/home/anon/Documents/100_randconfigs_test/outdir/1710910982_50.config,True,False
1710910986,50,/home/anon/Documents/100_randconfigs_test/outdir/1710910986_50.config,True,False
1710910990,50,/home/anon/Documents/100_randconfigs_test/outdir/1710910990_50.config,True,False
1710910995,50,/home/anon/Documents/100_randconfigs_test/outdir/1710910995_50.config,True,False
